[
  {
    "name": "Game 1: Connection Quest 1",
    "description": "A fun and creative challenge where players engage in dynamic interaction 1 to build emotional resonance.",
    "core_aim_and_mechanism": "This game encourages unique social engagement through interactive prompts and AI-generated challenges tailored to scenario 1.",
    "players": "2-3 players",
    "AI_involvement": "ElinityAI acts as a facilitator, adapting prompts in real-time to suit mood, energy, and connection goals.",
    "average_duration": "6 minutes",
    "modality": "text",
    "ideal_for": "families"
  },
  {
    "name": "Game 2: Connection Quest 2",
    "description": "A fun and creative challenge where players engage in dynamic interaction 2 to build emotional resonance.",
    "core_aim_and_mechanism": "This game encourages unique social engagement through interactive prompts and AI-generated challenges tailored to scenario 2.",
    "players": "3-4 players",
    "AI_involvement": "ElinityAI acts as a facilitator, adapting prompts in real-time to suit mood, energy, and connection goals.",
    "average_duration": "7 minutes",
    "modality": "voice",
    "ideal_for": "self-reflection"
  },
  {
    "name": "Game 3: Connection Quest 3",
    "description": "A fun and creative challenge where players engage in dynamic interaction 3 to build emotional resonance.",
    "core_aim_and_mechanism": "This game encourages unique social engagement through interactive prompts and AI-generated challenges tailored to scenario 3.",
    "players": "solo players",
    "AI_involvement": "ElinityAI acts as a facilitator, adapting prompts in real-time to suit mood, energy, and connection goals.",
    "average_duration": "8 minutes",
    "modality": "text",
    "ideal_for": "group bonding"
  },
  {
    "name": "Game 4: Connection Quest 4",
    "description": "A fun and creative challenge where players engage in dynamic interaction 4 to build emotional resonance.",
    "core_aim_and_mechanism": "This game encourages unique social engagement through interactive prompts and AI-generated challenges tailored to scenario 4.",
    "players": "5-6 players",
    "AI_involvement": "ElinityAI acts as a facilitator, adapting prompts in real-time to suit mood, energy, and connection goals.",
    "average_duration": "9 minutes",
    "modality": "voice",
    "ideal_for": "couples"
  },
  {
    "name": "Game 5: Connection Quest 5",
    "description": "A fun and creative challenge where players engage in dynamic interaction 5 to build emotional resonance.",
    "core_aim_and_mechanism": "This game encourages unique social engagement through interactive prompts and AI-generated challenges tailored to scenario 5.",
    "players": "1-2 players",
    "AI_involvement": "ElinityAI acts as a facilitator, adapting prompts in real-time to suit mood, energy, and connection goals.",
    "average_duration": "10 minutes",
    "modality": "text",
    "ideal_for": "friends"
  },
  {
    "name": "Game 6: Connection Quest 6",
    "description": "A fun and creative challenge where players engage in dynamic interaction 6 to build emotional resonance.",
    "core_aim_and_mechanism": "This game encourages unique social engagement through interactive prompts and AI-generated challenges tailored to scenario 6.",
    "players": "solo players",
    "AI_involvement": "ElinityAI acts as a facilitator, adapting prompts in real-time to suit mood, energy, and connection goals.",
    "average_duration": "11 minutes",
    "modality": "voice",
    "ideal_for": "families"
  },
  {
    "name": "Game 7: Connection Quest 7",
    "description": "A fun and creative challenge where players engage in dynamic interaction 7 to build emotional resonance.",
    "core_aim_and_mechanism": "This game encourages unique social engagement through interactive prompts and AI-generated challenges tailored to scenario 7.",
    "players": "3-4 players",
    "AI_involvement": "ElinityAI acts as a facilitator, adapting prompts in real-time to suit mood, energy, and connection goals.",
    "average_duration": "12 minutes",
    "modality": "text",
    "ideal_for": "self-reflection"
  },
  {
    "name": "Game 8: Connection Quest 8",
    "description": "A fun and creative challenge where players engage in dynamic interaction 8 to build emotional resonance.",
    "core_aim_and_mechanism": "This game encourages unique social engagement through interactive prompts and AI-generated challenges tailored to scenario 8.",
    "players": "4-5 players",
    "AI_involvement": "ElinityAI acts as a facilitator, adapting prompts in real-time to suit mood, energy, and connection goals.",
    "average_duration": "13 minutes",
    "modality": "voice",
    "ideal_for": "group bonding"
  },
  {
    "name": "Game 9: Connection Quest 9",
    "description": "A fun and creative challenge where players engage in dynamic interaction 9 to build emotional resonance.",
    "core_aim_and_mechanism": "This game encourages unique social engagement through interactive prompts and AI-generated challenges tailored to scenario 9.",
    "players": "solo players",
    "AI_involvement": "ElinityAI acts as a facilitator, adapting prompts in real-time to suit mood, energy, and connection goals.",
    "average_duration": "14 minutes",
    "modality": "text",
    "ideal_for": "couples"
  },
  {
    "name": "Game 10: Connection Quest 10",
    "description": "A fun and creative challenge where players engage in dynamic interaction 10 to build emotional resonance.",
    "core_aim_and_mechanism": "This game encourages unique social engagement through interactive prompts and AI-generated challenges tailored to scenario 10.",
    "players": "1-2 players",
    "AI_involvement": "ElinityAI acts as a facilitator, adapting prompts in real-time to suit mood, energy, and connection goals.",
    "average_duration": "15 minutes",
    "modality": "voice",
    "ideal_for": "friends"
  },
  {
    "name": "Game 11: Connection Quest 11",
    "description": "A fun and creative challenge where players engage in dynamic interaction 11 to build emotional resonance.",
    "core_aim_and_mechanism": "This game encourages unique social engagement through interactive prompts and AI-generated challenges tailored to scenario 11.",
    "players": "2-3 players",
    "AI_involvement": "ElinityAI acts as a facilitator, adapting prompts in real-time to suit mood, energy, and connection goals.",
    "average_duration": "16 minutes",
    "modality": "text",
    "ideal_for": "families"
  },
  {
    "name": "Game 12: Connection Quest 12",
    "description": "A fun and creative challenge where players engage in dynamic interaction 12 to build emotional resonance.",
    "core_aim_and_mechanism": "This game encourages unique social engagement through interactive prompts and AI-generated challenges tailored to scenario 12.",
    "players": "solo players",
    "AI_involvement": "ElinityAI acts as a facilitator, adapting prompts in real-time to suit mood, energy, and connection goals.",
    "average_duration": "17 minutes",
    "modality": "voice",
    "ideal_for": "self-reflection"
  },
  {
    "name": "Game 13: Connection Quest 13",
    "description": "A fun and creative challenge where players engage in dynamic interaction 13 to build emotional resonance.",
    "core_aim_and_mechanism": "This game encourages unique social engagement through interactive prompts and AI-generated challenges tailored to scenario 13.",
    "players": "4-5 players",
    "AI_involvement": "ElinityAI acts as a facilitator, adapting prompts in real-time to suit mood, energy, and connection goals.",
    "average_duration": "18 minutes",
    "modality": "text",
    "ideal_for": "group bonding"
  },
  {
    "name": "Game 14: Connection Quest 14",
    "description": "A fun and creative challenge where players engage in dynamic interaction 14 to build emotional resonance.",
    "core_aim_and_mechanism": "This game encourages unique social engagement through interactive prompts and AI-generated challenges tailored to scenario 14.",
    "players": "5-6 players",
    "AI_involvement": "ElinityAI acts as a facilitator, adapting prompts in real-time to suit mood, energy, and connection goals.",
    "average_duration": "19 minutes",
    "modality": "voice",
    "ideal_for": "couples"
  },
  {
    "name": "Game 15: Connection Quest 15",
    "description": "A fun and creative challenge where players engage in dynamic interaction 15 to build emotional resonance.",
    "core_aim_and_mechanism": "This game encourages unique social engagement through interactive prompts and AI-generated challenges tailored to scenario 15.",
    "players": "solo players",
    "AI_involvement": "ElinityAI acts as a facilitator, adapting prompts in real-time to suit mood, energy, and connection goals.",
    "average_duration": "5 minutes",
    "modality": "text",
    "ideal_for": "friends"
  },
  {
    "name": "Game 16: Connection Quest 16",
    "description": "A fun and creative challenge where players engage in dynamic interaction 16 to build emotional resonance.",
    "core_aim_and_mechanism": "This game encourages unique social engagement through interactive prompts and AI-generated challenges tailored to scenario 16.",
    "players": "2-3 players",
    "AI_involvement": "ElinityAI acts as a facilitator, adapting prompts in real-time to suit mood, energy, and connection goals.",
    "average_duration": "6 minutes",
    "modality": "voice",
    "ideal_for": "families"
  },
  {
    "name": "Game 17: Connection Quest 17",
    "description": "A fun and creative challenge where players engage in dynamic interaction 17 to build emotional resonance.",
    "core_aim_and_mechanism": "This game encourages unique social engagement through interactive prompts and AI-generated challenges tailored to scenario 17.",
    "players": "3-4 players",
    "AI_involvement": "ElinityAI acts as a facilitator, adapting prompts in real-time to suit mood, energy, and connection goals.",
    "average_duration": "7 minutes",
    "modality": "text",
    "ideal_for": "self-reflection"
  },
  {
    "name": "Game 18: Connection Quest 18",
    "description": "A fun and creative challenge where players engage in dynamic interaction 18 to build emotional resonance.",
    "core_aim_and_mechanism": "This game encourages unique social engagement through interactive prompts and AI-generated challenges tailored to scenario 18.",
    "players": "solo players",
    "AI_involvement": "ElinityAI acts as a facilitator, adapting prompts in real-time to suit mood, energy, and connection goals.",
    "average_duration": "8 minutes",
    "modality": "voice",
    "ideal_for": "group bonding"
  },
  {
    "name": "Game 19: Connection Quest 19",
    "description": "A fun and creative challenge where players engage in dynamic interaction 19 to build emotional resonance.",
    "core_aim_and_mechanism": "This game encourages unique social engagement through interactive prompts and AI-generated challenges tailored to scenario 19.",
    "players": "5-6 players",
    "AI_involvement": "ElinityAI acts as a facilitator, adapting prompts in real-time to suit mood, energy, and connection goals.",
    "average_duration": "9 minutes",
    "modality": "text",
    "ideal_for": "couples"
  },
  {
    "name": "Game 20: Connection Quest 20",
    "description": "A fun and creative challenge where players engage in dynamic interaction 20 to build emotional resonance.",
    "core_aim_and_mechanism": "This game encourages unique social engagement through interactive prompts and AI-generated challenges tailored to scenario 20.",
    "players": "1-2 players",
    "AI_involvement": "ElinityAI acts as a facilitator, adapting prompts in real-time to suit mood, energy, and connection goals.",
    "average_duration": "10 minutes",
    "modality": "voice",
    "ideal_for": "friends"
  },
  {
    "name": "Game 21: Connection Quest 21",
    "description": "A fun and creative challenge where players engage in dynamic interaction 21 to build emotional resonance.",
    "core_aim_and_mechanism": "This game encourages unique social engagement through interactive prompts and AI-generated challenges tailored to scenario 21.",
    "players": "solo players",
    "AI_involvement": "ElinityAI acts as a facilitator, adapting prompts in real-time to suit mood, energy, and connection goals.",
    "average_duration": "11 minutes",
    "modality": "text",
    "ideal_for": "families"
  },
  {
    "name": "Game 22: Connection Quest 22",
    "description": "A fun and creative challenge where players engage in dynamic interaction 22 to build emotional resonance.",
    "core_aim_and_mechanism": "This game encourages unique social engagement through interactive prompts and AI-generated challenges tailored to scenario 22.",
    "players": "3-4 players",
    "AI_involvement": "ElinityAI acts as a facilitator, adapting prompts in real-time to suit mood, energy, and connection goals.",
    "average_duration": "12 minutes",
    "modality": "voice",
    "ideal_for": "self-reflection"
  },
  {
    "name": "Game 23: Connection Quest 23",
    "description": "A fun and creative challenge where players engage in dynamic interaction 23 to build emotional resonance.",
    "core_aim_and_mechanism": "This game encourages unique social engagement through interactive prompts and AI-generated challenges tailored to scenario 23.",
    "players": "4-5 players",
    "AI_involvement": "ElinityAI acts as a facilitator, adapting prompts in real-time to suit mood, energy, and connection goals.",
    "average_duration": "13 minutes",
    "modality": "text",
    "ideal_for": "group bonding"
  },
  {
    "name": "Game 24: Connection Quest 24",
    "description": "A fun and creative challenge where players engage in dynamic interaction 24 to build emotional resonance.",
    "core_aim_and_mechanism": "This game encourages unique social engagement through interactive prompts and AI-generated challenges tailored to scenario 24.",
    "players": "solo players",
    "AI_involvement": "ElinityAI acts as a facilitator, adapting prompts in real-time to suit mood, energy, and connection goals.",
    "average_duration": "14 minutes",
    "modality": "voice",
    "ideal_for": "couples"
  },
  {
    "name": "Game 25: Connection Quest 25",
    "description": "A fun and creative challenge where players engage in dynamic interaction 25 to build emotional resonance.",
    "core_aim_and_mechanism": "This game encourages unique social engagement through interactive prompts and AI-generated challenges tailored to scenario 25.",
    "players": "1-2 players",
    "AI_involvement": "ElinityAI acts as a facilitator, adapting prompts in real-time to suit mood, energy, and connection goals.",
    "average_duration": "15 minutes",
    "modality": "text",
    "ideal_for": "friends"
  },
  {
    "name": "Game 26: Connection Quest 26",
    "description": "A fun and creative challenge where players engage in dynamic interaction 26 to build emotional resonance.",
    "core_aim_and_mechanism": "This game encourages unique social engagement through interactive prompts and AI-generated challenges tailored to scenario 26.",
    "players": "2-3 players",
    "AI_involvement": "ElinityAI acts as a facilitator, adapting prompts in real-time to suit mood, energy, and connection goals.",
    "average_duration": "16 minutes",
    "modality": "voice",
    "ideal_for": "families"
  },
  {
    "name": "Game 27: Connection Quest 27",
    "description": "A fun and creative challenge where players engage in dynamic interaction 27 to build emotional resonance.",
    "core_aim_and_mechanism": "This game encourages unique social engagement through interactive prompts and AI-generated challenges tailored to scenario 27.",
    "players": "solo players",
    "AI_involvement": "ElinityAI acts as a facilitator, adapting prompts in real-time to suit mood, energy, and connection goals.",
    "average_duration": "17 minutes",
    "modality": "text",
    "ideal_for": "self-reflection"
  },
  {
    "name": "Game 28: Connection Quest 28",
    "description": "A fun and creative challenge where players engage in dynamic interaction 28 to build emotional resonance.",
    "core_aim_and_mechanism": "This game encourages unique social engagement through interactive prompts and AI-generated challenges tailored to scenario 28.",
    "players": "4-5 players",
    "AI_involvement": "ElinityAI acts as a facilitator, adapting prompts in real-time to suit mood, energy, and connection goals.",
    "average_duration": "18 minutes",
    "modality": "voice",
    "ideal_for": "group bonding"
  },
  {
    "name": "Game 29: Connection Quest 29",
    "description": "A fun and creative challenge where players engage in dynamic interaction 29 to build emotional resonance.",
    "core_aim_and_mechanism": "This game encourages unique social engagement through interactive prompts and AI-generated challenges tailored to scenario 29.",
    "players": "5-6 players",
    "AI_involvement": "ElinityAI acts as a facilitator, adapting prompts in real-time to suit mood, energy, and connection goals.",
    "average_duration": "19 minutes",
    "modality": "text",
    "ideal_for": "couples"
  },
  {
    "name": "Game 30: Connection Quest 30",
    "description": "A fun and creative challenge where players engage in dynamic interaction 30 to build emotional resonance.",
    "core_aim_and_mechanism": "This game encourages unique social engagement through interactive prompts and AI-generated challenges tailored to scenario 30.",
    "players": "solo players",
    "AI_involvement": "ElinityAI acts as a facilitator, adapting prompts in real-time to suit mood, energy, and connection goals.",
    "average_duration": "5 minutes",
    "modality": "voice",
    "ideal_for": "friends"
  },
  {
    "name": "Game 31: Connection Quest 31",
    "description": "A fun and creative challenge where players engage in dynamic interaction 31 to build emotional resonance.",
    "core_aim_and_mechanism": "This game encourages unique social engagement through interactive prompts and AI-generated challenges tailored to scenario 31.",
    "players": "2-3 players",
    "AI_involvement": "ElinityAI acts as a facilitator, adapting prompts in real-time to suit mood, energy, and connection goals.",
    "average_duration": "6 minutes",
    "modality": "text",
    "ideal_for": "families"
  },
  {
    "name": "Game 32: Connection Quest 32",
    "description": "A fun and creative challenge where players engage in dynamic interaction 32 to build emotional resonance.",
    "core_aim_and_mechanism": "This game encourages unique social engagement through interactive prompts and AI-generated challenges tailored to scenario 32.",
    "players": "3-4 players",
    "AI_involvement": "ElinityAI acts as a facilitator, adapting prompts in real-time to suit mood, energy, and connection goals.",
    "average_duration": "7 minutes",
    "modality": "voice",
    "ideal_for": "self-reflection"
  },
  {
    "name": "Game 33: Connection Quest 33",
    "description": "A fun and creative challenge where players engage in dynamic interaction 33 to build emotional resonance.",
    "core_aim_and_mechanism": "This game encourages unique social engagement through interactive prompts and AI-generated challenges tailored to scenario 33.",
    "players": "solo players",
    "AI_involvement": "ElinityAI acts as a facilitator, adapting prompts in real-time to suit mood, energy, and connection goals.",
    "average_duration": "8 minutes",
    "modality": "text",
    "ideal_for": "group bonding"
  },
  {
    "name": "Game 34: Connection Quest 34",
    "description": "A fun and creative challenge where players engage in dynamic interaction 34 to build emotional resonance.",
    "core_aim_and_mechanism": "This game encourages unique social engagement through interactive prompts and AI-generated challenges tailored to scenario 34.",
    "players": "5-6 players",
    "AI_involvement": "ElinityAI acts as a facilitator, adapting prompts in real-time to suit mood, energy, and connection goals.",
    "average_duration": "9 minutes",
    "modality": "voice",
    "ideal_for": "couples"
  },
  {
    "name": "Game 35: Connection Quest 35",
    "description": "A fun and creative challenge where players engage in dynamic interaction 35 to build emotional resonance.",
    "core_aim_and_mechanism": "This game encourages unique social engagement through interactive prompts and AI-generated challenges tailored to scenario 35.",
    "players": "1-2 players",
    "AI_involvement": "ElinityAI acts as a facilitator, adapting prompts in real-time to suit mood, energy, and connection goals.",
    "average_duration": "10 minutes",
    "modality": "text",
    "ideal_for": "friends"
  },
  {
    "name": "Game 36: Connection Quest 36",
    "description": "A fun and creative challenge where players engage in dynamic interaction 36 to build emotional resonance.",
    "core_aim_and_mechanism": "This game encourages unique social engagement through interactive prompts and AI-generated challenges tailored to scenario 36.",
    "players": "solo players",
    "AI_involvement": "ElinityAI acts as a facilitator, adapting prompts in real-time to suit mood, energy, and connection goals.",
    "average_duration": "11 minutes",
    "modality": "voice",
    "ideal_for": "families"
  },
  {
    "name": "Game 37: Connection Quest 37",
    "description": "A fun and creative challenge where players engage in dynamic interaction 37 to build emotional resonance.",
    "core_aim_and_mechanism": "This game encourages unique social engagement through interactive prompts and AI-generated challenges tailored to scenario 37.",
    "players": "3-4 players",
    "AI_involvement": "ElinityAI acts as a facilitator, adapting prompts in real-time to suit mood, energy, and connection goals.",
    "average_duration": "12 minutes",
    "modality": "text",
    "ideal_for": "self-reflection"
  },
  {
    "name": "Game 38: Connection Quest 38",
    "description": "A fun and creative challenge where players engage in dynamic interaction 38 to build emotional resonance.",
    "core_aim_and_mechanism": "This game encourages unique social engagement through interactive prompts and AI-generated challenges tailored to scenario 38.",
    "players": "4-5 players",
    "AI_involvement": "ElinityAI acts as a facilitator, adapting prompts in real-time to suit mood, energy, and connection goals.",
    "average_duration": "13 minutes",
    "modality": "voice",
    "ideal_for": "group bonding"
  },
  {
    "name": "Game 39: Connection Quest 39",
    "description": "A fun and creative challenge where players engage in dynamic interaction 39 to build emotional resonance.",
    "core_aim_and_mechanism": "This game encourages unique social engagement through interactive prompts and AI-generated challenges tailored to scenario 39.",
    "players": "solo players",
    "AI_involvement": "ElinityAI acts as a facilitator, adapting prompts in real-time to suit mood, energy, and connection goals.",
    "average_duration": "14 minutes",
    "modality": "text",
    "ideal_for": "couples"
  },
  {
    "name": "Game 40: Connection Quest 40",
    "description": "A fun and creative challenge where players engage in dynamic interaction 40 to build emotional resonance.",
    "core_aim_and_mechanism": "This game encourages unique social engagement through interactive prompts and AI-generated challenges tailored to scenario 40.",
    "players": "1-2 players",
    "AI_involvement": "ElinityAI acts as a facilitator, adapting prompts in real-time to suit mood, energy, and connection goals.",
    "average_duration": "15 minutes",
    "modality": "voice",
    "ideal_for": "friends"
  },
  {
    "name": "Game 41: Connection Quest 41",
    "description": "A fun and creative challenge where players engage in dynamic interaction 41 to build emotional resonance.",
    "core_aim_and_mechanism": "This game encourages unique social engagement through interactive prompts and AI-generated challenges tailored to scenario 41.",
    "players": "2-3 players",
    "AI_involvement": "ElinityAI acts as a facilitator, adapting prompts in real-time to suit mood, energy, and connection goals.",
    "average_duration": "16 minutes",
    "modality": "text",
    "ideal_for": "families"
  },
  {
    "name": "Game 42: Connection Quest 42",
    "description": "A fun and creative challenge where players engage in dynamic interaction 42 to build emotional resonance.",
    "core_aim_and_mechanism": "This game encourages unique social engagement through interactive prompts and AI-generated challenges tailored to scenario 42.",
    "players": "solo players",
    "AI_involvement": "ElinityAI acts as a facilitator, adapting prompts in real-time to suit mood, energy, and connection goals.",
    "average_duration": "17 minutes",
    "modality": "voice",
    "ideal_for": "self-reflection"
  },
  {
    "name": "Game 43: Connection Quest 43",
    "description": "A fun and creative challenge where players engage in dynamic interaction 43 to build emotional resonance.",
    "core_aim_and_mechanism": "This game encourages unique social engagement through interactive prompts and AI-generated challenges tailored to scenario 43.",
    "players": "4-5 players",
    "AI_involvement": "ElinityAI acts as a facilitator, adapting prompts in real-time to suit mood, energy, and connection goals.",
    "average_duration": "18 minutes",
    "modality": "text",
    "ideal_for": "group bonding"
  },
  {
    "name": "Game 44: Connection Quest 44",
    "description": "A fun and creative challenge where players engage in dynamic interaction 44 to build emotional resonance.",
    "core_aim_and_mechanism": "This game encourages unique social engagement through interactive prompts and AI-generated challenges tailored to scenario 44.",
    "players": "5-6 players",
    "AI_involvement": "ElinityAI acts as a facilitator, adapting prompts in real-time to suit mood, energy, and connection goals.",
    "average_duration": "19 minutes",
    "modality": "voice",
    "ideal_for": "couples"
  },
  {
    "name": "Game 45: Connection Quest 45",
    "description": "A fun and creative challenge where players engage in dynamic interaction 45 to build emotional resonance.",
    "core_aim_and_mechanism": "This game encourages unique social engagement through interactive prompts and AI-generated challenges tailored to scenario 45.",
    "players": "solo players",
    "AI_involvement": "ElinityAI acts as a facilitator, adapting prompts in real-time to suit mood, energy, and connection goals.",
    "average_duration": "5 minutes",
    "modality": "text",
    "ideal_for": "friends"
  },
  {
    "name": "Game 46: Connection Quest 46",
    "description": "A fun and creative challenge where players engage in dynamic interaction 46 to build emotional resonance.",
    "core_aim_and_mechanism": "This game encourages unique social engagement through interactive prompts and AI-generated challenges tailored to scenario 46.",
    "players": "2-3 players",
    "AI_involvement": "ElinityAI acts as a facilitator, adapting prompts in real-time to suit mood, energy, and connection goals.",
    "average_duration": "6 minutes",
    "modality": "voice",
    "ideal_for": "families"
  },
  {
    "name": "Game 47: Connection Quest 47",
    "description": "A fun and creative challenge where players engage in dynamic interaction 47 to build emotional resonance.",
    "core_aim_and_mechanism": "This game encourages unique social engagement through interactive prompts and AI-generated challenges tailored to scenario 47.",
    "players": "3-4 players",
    "AI_involvement": "ElinityAI acts as a facilitator, adapting prompts in real-time to suit mood, energy, and connection goals.",
    "average_duration": "7 minutes",
    "modality": "text",
    "ideal_for": "self-reflection"
  },
  {
    "name": "Game 48: Connection Quest 48",
    "description": "A fun and creative challenge where players engage in dynamic interaction 48 to build emotional resonance.",
    "core_aim_and_mechanism": "This game encourages unique social engagement through interactive prompts and AI-generated challenges tailored to scenario 48.",
    "players": "solo players",
    "AI_involvement": "ElinityAI acts as a facilitator, adapting prompts in real-time to suit mood, energy, and connection goals.",
    "average_duration": "8 minutes",
    "modality": "voice",
    "ideal_for": "group bonding"
  },
  {
    "name": "Game 49: Connection Quest 49",
    "description": "A fun and creative challenge where players engage in dynamic interaction 49 to build emotional resonance.",
    "core_aim_and_mechanism": "This game encourages unique social engagement through interactive prompts and AI-generated challenges tailored to scenario 49.",
    "players": "5-6 players",
    "AI_involvement": "ElinityAI acts as a facilitator, adapting prompts in real-time to suit mood, energy, and connection goals.",
    "average_duration": "9 minutes",
    "modality": "text",
    "ideal_for": "couples"
  },
  {
    "name": "Game 50: Connection Quest 50",
    "description": "A fun and creative challenge where players engage in dynamic interaction 50 to build emotional resonance.",
    "core_aim_and_mechanism": "This game encourages unique social engagement through interactive prompts and AI-generated challenges tailored to scenario 50.",
    "players": "1-2 players",
    "AI_involvement": "ElinityAI acts as a facilitator, adapting prompts in real-time to suit mood, energy, and connection goals.",
    "average_duration": "10 minutes",
    "modality": "voice",
    "ideal_for": "friends"
  },
  {
    "name": "Game 51: Connection Quest 51",
    "description": "A fun and creative challenge where players engage in dynamic interaction 51 to build emotional resonance.",
    "core_aim_and_mechanism": "This game encourages unique social engagement through interactive prompts and AI-generated challenges tailored to scenario 51.",
    "players": "solo players",
    "AI_involvement": "ElinityAI acts as a facilitator, adapting prompts in real-time to suit mood, energy, and connection goals.",
    "average_duration": "11 minutes",
    "modality": "text",
    "ideal_for": "families"
  },
  {
    "name": "Game 52: Connection Quest 52",
    "description": "A fun and creative challenge where players engage in dynamic interaction 52 to build emotional resonance.",
    "core_aim_and_mechanism": "This game encourages unique social engagement through interactive prompts and AI-generated challenges tailored to scenario 52.",
    "players": "3-4 players",
    "AI_involvement": "ElinityAI acts as a facilitator, adapting prompts in real-time to suit mood, energy, and connection goals.",
    "average_duration": "12 minutes",
    "modality": "voice",
    "ideal_for": "self-reflection"
  },
  {
    "name": "Game 53: Connection Quest 53",
    "description": "A fun and creative challenge where players engage in dynamic interaction 53 to build emotional resonance.",
    "core_aim_and_mechanism": "This game encourages unique social engagement through interactive prompts and AI-generated challenges tailored to scenario 53.",
    "players": "4-5 players",
    "AI_involvement": "ElinityAI acts as a facilitator, adapting prompts in real-time to suit mood, energy, and connection goals.",
    "average_duration": "13 minutes",
    "modality": "text",
    "ideal_for": "group bonding"
  },
  {
    "name": "Game 54: Connection Quest 54",
    "description": "A fun and creative challenge where players engage in dynamic interaction 54 to build emotional resonance.",
    "core_aim_and_mechanism": "This game encourages unique social engagement through interactive prompts and AI-generated challenges tailored to scenario 54.",
    "players": "solo players",
    "AI_involvement": "ElinityAI acts as a facilitator, adapting prompts in real-time to suit mood, energy, and connection goals.",
    "average_duration": "14 minutes",
    "modality": "voice",
    "ideal_for": "couples"
  },
  {
    "name": "Game 55: Connection Quest 55",
    "description": "A fun and creative challenge where players engage in dynamic interaction 55 to build emotional resonance.",
    "core_aim_and_mechanism": "This game encourages unique social engagement through interactive prompts and AI-generated challenges tailored to scenario 55.",
    "players": "1-2 players",
    "AI_involvement": "ElinityAI acts as a facilitator, adapting prompts in real-time to suit mood, energy, and connection goals.",
    "average_duration": "15 minutes",
    "modality": "text",
    "ideal_for": "friends"
  },
  {
    "name": "Game 56: Connection Quest 56",
    "description": "A fun and creative challenge where players engage in dynamic interaction 56 to build emotional resonance.",
    "core_aim_and_mechanism": "This game encourages unique social engagement through interactive prompts and AI-generated challenges tailored to scenario 56.",
    "players": "2-3 players",
    "AI_involvement": "ElinityAI acts as a facilitator, adapting prompts in real-time to suit mood, energy, and connection goals.",
    "average_duration": "16 minutes",
    "modality": "voice",
    "ideal_for": "families"
  },
  {
    "name": "Game 57: Connection Quest 57",
    "description": "A fun and creative challenge where players engage in dynamic interaction 57 to build emotional resonance.",
    "core_aim_and_mechanism": "This game encourages unique social engagement through interactive prompts and AI-generated challenges tailored to scenario 57.",
    "players": "solo players",
    "AI_involvement": "ElinityAI acts as a facilitator, adapting prompts in real-time to suit mood, energy, and connection goals.",
    "average_duration": "17 minutes",
    "modality": "text",
    "ideal_for": "self-reflection"
  },
  {
    "name": "Game 58: Connection Quest 58",
    "description": "A fun and creative challenge where players engage in dynamic interaction 58 to build emotional resonance.",
    "core_aim_and_mechanism": "This game encourages unique social engagement through interactive prompts and AI-generated challenges tailored to scenario 58.",
    "players": "4-5 players",
    "AI_involvement": "ElinityAI acts as a facilitator, adapting prompts in real-time to suit mood, energy, and connection goals.",
    "average_duration": "18 minutes",
    "modality": "voice",
    "ideal_for": "group bonding"
  },
  {
    "name": "Game 59: Connection Quest 59",
    "description": "A fun and creative challenge where players engage in dynamic interaction 59 to build emotional resonance.",
    "core_aim_and_mechanism": "This game encourages unique social engagement through interactive prompts and AI-generated challenges tailored to scenario 59.",
    "players": "5-6 players",
    "AI_involvement": "ElinityAI acts as a facilitator, adapting prompts in real-time to suit mood, energy, and connection goals.",
    "average_duration": "19 minutes",
    "modality": "text",
    "ideal_for": "couples"
  },
  {
    "name": "Game 60: Connection Quest 60",
    "description": "A fun and creative challenge where players engage in dynamic interaction 60 to build emotional resonance.",
    "core_aim_and_mechanism": "This game encourages unique social engagement through interactive prompts and AI-generated challenges tailored to scenario 60.",
    "players": "solo players",
    "AI_involvement": "ElinityAI acts as a facilitator, adapting prompts in real-time to suit mood, energy, and connection goals.",
    "average_duration": "5 minutes",
    "modality": "voice",
    "ideal_for": "friends"
  },
  {
    "name": "Game 61: Connection Quest 61",
    "description": "A fun and creative challenge where players engage in dynamic interaction 61 to build emotional resonance.",
    "core_aim_and_mechanism": "This game encourages unique social engagement through interactive prompts and AI-generated challenges tailored to scenario 61.",
    "players": "2-3 players",
    "AI_involvement": "ElinityAI acts as a facilitator, adapting prompts in real-time to suit mood, energy, and connection goals.",
    "average_duration": "6 minutes",
    "modality": "text",
    "ideal_for": "families"
  },
  {
    "name": "Game 62: Connection Quest 62",
    "description": "A fun and creative challenge where players engage in dynamic interaction 62 to build emotional resonance.",
    "core_aim_and_mechanism": "This game encourages unique social engagement through interactive prompts and AI-generated challenges tailored to scenario 62.",
    "players": "3-4 players",
    "AI_involvement": "ElinityAI acts as a facilitator, adapting prompts in real-time to suit mood, energy, and connection goals.",
    "average_duration": "7 minutes",
    "modality": "voice",
    "ideal_for": "self-reflection"
  },
  {
    "name": "Game 63: Connection Quest 63",
    "description": "A fun and creative challenge where players engage in dynamic interaction 63 to build emotional resonance.",
    "core_aim_and_mechanism": "This game encourages unique social engagement through interactive prompts and AI-generated challenges tailored to scenario 63.",
    "players": "solo players",
    "AI_involvement": "ElinityAI acts as a facilitator, adapting prompts in real-time to suit mood, energy, and connection goals.",
    "average_duration": "8 minutes",
    "modality": "text",
    "ideal_for": "group bonding"
  },
  {
    "name": "Game 64: Connection Quest 64",
    "description": "A fun and creative challenge where players engage in dynamic interaction 64 to build emotional resonance.",
    "core_aim_and_mechanism": "This game encourages unique social engagement through interactive prompts and AI-generated challenges tailored to scenario 64.",
    "players": "5-6 players",
    "AI_involvement": "ElinityAI acts as a facilitator, adapting prompts in real-time to suit mood, energy, and connection goals.",
    "average_duration": "9 minutes",
    "modality": "voice",
    "ideal_for": "couples"
  },
  {
    "name": "Game 65: Connection Quest 65",
    "description": "A fun and creative challenge where players engage in dynamic interaction 65 to build emotional resonance.",
    "core_aim_and_mechanism": "This game encourages unique social engagement through interactive prompts and AI-generated challenges tailored to scenario 65.",
    "players": "1-2 players",
    "AI_involvement": "ElinityAI acts as a facilitator, adapting prompts in real-time to suit mood, energy, and connection goals.",
    "average_duration": "10 minutes",
    "modality": "text",
    "ideal_for": "friends"
  },
  {
    "name": "Game 66: Connection Quest 66",
    "description": "A fun and creative challenge where players engage in dynamic interaction 66 to build emotional resonance.",
    "core_aim_and_mechanism": "This game encourages unique social engagement through interactive prompts and AI-generated challenges tailored to scenario 66.",
    "players": "solo players",
    "AI_involvement": "ElinityAI acts as a facilitator, adapting prompts in real-time to suit mood, energy, and connection goals.",
    "average_duration": "11 minutes",
    "modality": "voice",
    "ideal_for": "families"
  },
  {
    "name": "Game 67: Connection Quest 67",
    "description": "A fun and creative challenge where players engage in dynamic interaction 67 to build emotional resonance.",
    "core_aim_and_mechanism": "This game encourages unique social engagement through interactive prompts and AI-generated challenges tailored to scenario 67.",
    "players": "3-4 players",
    "AI_involvement": "ElinityAI acts as a facilitator, adapting prompts in real-time to suit mood, energy, and connection goals.",
    "average_duration": "12 minutes",
    "modality": "text",
    "ideal_for": "self-reflection"
  },
  {
    "name": "Game 68: Connection Quest 68",
    "description": "A fun and creative challenge where players engage in dynamic interaction 68 to build emotional resonance.",
    "core_aim_and_mechanism": "This game encourages unique social engagement through interactive prompts and AI-generated challenges tailored to scenario 68.",
    "players": "4-5 players",
    "AI_involvement": "ElinityAI acts as a facilitator, adapting prompts in real-time to suit mood, energy, and connection goals.",
    "average_duration": "13 minutes",
    "modality": "voice",
    "ideal_for": "group bonding"
  },
  {
    "name": "Game 69: Connection Quest 69",
    "description": "A fun and creative challenge where players engage in dynamic interaction 69 to build emotional resonance.",
    "core_aim_and_mechanism": "This game encourages unique social engagement through interactive prompts and AI-generated challenges tailored to scenario 69.",
    "players": "solo players",
    "AI_involvement": "ElinityAI acts as a facilitator, adapting prompts in real-time to suit mood, energy, and connection goals.",
    "average_duration": "14 minutes",
    "modality": "text",
    "ideal_for": "couples"
  },
  {
    "name": "Game 70: Connection Quest 70",
    "description": "A fun and creative challenge where players engage in dynamic interaction 70 to build emotional resonance.",
    "core_aim_and_mechanism": "This game encourages unique social engagement through interactive prompts and AI-generated challenges tailored to scenario 70.",
    "players": "1-2 players",
    "AI_involvement": "ElinityAI acts as a facilitator, adapting prompts in real-time to suit mood, energy, and connection goals.",
    "average_duration": "15 minutes",
    "modality": "voice",
    "ideal_for": "friends"
  },
  {
    "name": "Game 71: Connection Quest 71",
    "description": "A fun and creative challenge where players engage in dynamic interaction 71 to build emotional resonance.",
    "core_aim_and_mechanism": "This game encourages unique social engagement through interactive prompts and AI-generated challenges tailored to scenario 71.",
    "players": "2-3 players",
    "AI_involvement": "ElinityAI acts as a facilitator, adapting prompts in real-time to suit mood, energy, and connection goals.",
    "average_duration": "16 minutes",
    "modality": "text",
    "ideal_for": "families"
  },
  {
    "name": "Game 72: Connection Quest 72",
    "description": "A fun and creative challenge where players engage in dynamic interaction 72 to build emotional resonance.",
    "core_aim_and_mechanism": "This game encourages unique social engagement through interactive prompts and AI-generated challenges tailored to scenario 72.",
    "players": "solo players",
    "AI_involvement": "ElinityAI acts as a facilitator, adapting prompts in real-time to suit mood, energy, and connection goals.",
    "average_duration": "17 minutes",
    "modality": "voice",
    "ideal_for": "self-reflection"
  },
  {
    "name": "Game 73: Connection Quest 73",
    "description": "A fun and creative challenge where players engage in dynamic interaction 73 to build emotional resonance.",
    "core_aim_and_mechanism": "This game encourages unique social engagement through interactive prompts and AI-generated challenges tailored to scenario 73.",
    "players": "4-5 players",
    "AI_involvement": "ElinityAI acts as a facilitator, adapting prompts in real-time to suit mood, energy, and connection goals.",
    "average_duration": "18 minutes",
    "modality": "text",
    "ideal_for": "group bonding"
  },
  {
    "name": "Game 74: Connection Quest 74",
    "description": "A fun and creative challenge where players engage in dynamic interaction 74 to build emotional resonance.",
    "core_aim_and_mechanism": "This game encourages unique social engagement through interactive prompts and AI-generated challenges tailored to scenario 74.",
    "players": "5-6 players",
    "AI_involvement": "ElinityAI acts as a facilitator, adapting prompts in real-time to suit mood, energy, and connection goals.",
    "average_duration": "19 minutes",
    "modality": "voice",
    "ideal_for": "couples"
  },
  {
    "name": "Game 75: Connection Quest 75",
    "description": "A fun and creative challenge where players engage in dynamic interaction 75 to build emotional resonance.",
    "core_aim_and_mechanism": "This game encourages unique social engagement through interactive prompts and AI-generated challenges tailored to scenario 75.",
    "players": "solo players",
    "AI_involvement": "ElinityAI acts as a facilitator, adapting prompts in real-time to suit mood, energy, and connection goals.",
    "average_duration": "5 minutes",
    "modality": "text",
    "ideal_for": "friends"
  },
  {
    "name": "Game 76: Connection Quest 76",
    "description": "A fun and creative challenge where players engage in dynamic interaction 76 to build emotional resonance.",
    "core_aim_and_mechanism": "This game encourages unique social engagement through interactive prompts and AI-generated challenges tailored to scenario 76.",
    "players": "2-3 players",
    "AI_involvement": "ElinityAI acts as a facilitator, adapting prompts in real-time to suit mood, energy, and connection goals.",
    "average_duration": "6 minutes",
    "modality": "voice",
    "ideal_for": "families"
  },
  {
    "name": "Game 77: Connection Quest 77",
    "description": "A fun and creative challenge where players engage in dynamic interaction 77 to build emotional resonance.",
    "core_aim_and_mechanism": "This game encourages unique social engagement through interactive prompts and AI-generated challenges tailored to scenario 77.",
    "players": "3-4 players",
    "AI_involvement": "ElinityAI acts as a facilitator, adapting prompts in real-time to suit mood, energy, and connection goals.",
    "average_duration": "7 minutes",
    "modality": "text",
    "ideal_for": "self-reflection"
  },
  {
    "name": "Game 78: Connection Quest 78",
    "description": "A fun and creative challenge where players engage in dynamic interaction 78 to build emotional resonance.",
    "core_aim_and_mechanism": "This game encourages unique social engagement through interactive prompts and AI-generated challenges tailored to scenario 78.",
    "players": "solo players",
    "AI_involvement": "ElinityAI acts as a facilitator, adapting prompts in real-time to suit mood, energy, and connection goals.",
    "average_duration": "8 minutes",
    "modality": "voice",
    "ideal_for": "group bonding"
  },
  {
    "name": "Game 79: Connection Quest 79",
    "description": "A fun and creative challenge where players engage in dynamic interaction 79 to build emotional resonance.",
    "core_aim_and_mechanism": "This game encourages unique social engagement through interactive prompts and AI-generated challenges tailored to scenario 79.",
    "players": "5-6 players",
    "AI_involvement": "ElinityAI acts as a facilitator, adapting prompts in real-time to suit mood, energy, and connection goals.",
    "average_duration": "9 minutes",
    "modality": "text",
    "ideal_for": "couples"
  },
  {
    "name": "Game 80: Connection Quest 80",
    "description": "A fun and creative challenge where players engage in dynamic interaction 80 to build emotional resonance.",
    "core_aim_and_mechanism": "This game encourages unique social engagement through interactive prompts and AI-generated challenges tailored to scenario 80.",
    "players": "1-2 players",
    "AI_involvement": "ElinityAI acts as a facilitator, adapting prompts in real-time to suit mood, energy, and connection goals.",
    "average_duration": "10 minutes",
    "modality": "voice",
    "ideal_for": "friends"
  },
  {
    "name": "Game 81: Connection Quest 81",
    "description": "A fun and creative challenge where players engage in dynamic interaction 81 to build emotional resonance.",
    "core_aim_and_mechanism": "This game encourages unique social engagement through interactive prompts and AI-generated challenges tailored to scenario 81.",
    "players": "solo players",
    "AI_involvement": "ElinityAI acts as a facilitator, adapting prompts in real-time to suit mood, energy, and connection goals.",
    "average_duration": "11 minutes",
    "modality": "text",
    "ideal_for": "families"
  },
  {
    "name": "Game 82: Connection Quest 82",
    "description": "A fun and creative challenge where players engage in dynamic interaction 82 to build emotional resonance.",
    "core_aim_and_mechanism": "This game encourages unique social engagement through interactive prompts and AI-generated challenges tailored to scenario 82.",
    "players": "3-4 players",
    "AI_involvement": "ElinityAI acts as a facilitator, adapting prompts in real-time to suit mood, energy, and connection goals.",
    "average_duration": "12 minutes",
    "modality": "voice",
    "ideal_for": "self-reflection"
  },
  {
    "name": "Game 83: Connection Quest 83",
    "description": "A fun and creative challenge where players engage in dynamic interaction 83 to build emotional resonance.",
    "core_aim_and_mechanism": "This game encourages unique social engagement through interactive prompts and AI-generated challenges tailored to scenario 83.",
    "players": "4-5 players",
    "AI_involvement": "ElinityAI acts as a facilitator, adapting prompts in real-time to suit mood, energy, and connection goals.",
    "average_duration": "13 minutes",
    "modality": "text",
    "ideal_for": "group bonding"
  },
  {
    "name": "Game 84: Connection Quest 84",
    "description": "A fun and creative challenge where players engage in dynamic interaction 84 to build emotional resonance.",
    "core_aim_and_mechanism": "This game encourages unique social engagement through interactive prompts and AI-generated challenges tailored to scenario 84.",
    "players": "solo players",
    "AI_involvement": "ElinityAI acts as a facilitator, adapting prompts in real-time to suit mood, energy, and connection goals.",
    "average_duration": "14 minutes",
    "modality": "voice",
    "ideal_for": "couples"
  },
  {
    "name": "Game 85: Connection Quest 85",
    "description": "A fun and creative challenge where players engage in dynamic interaction 85 to build emotional resonance.",
    "core_aim_and_mechanism": "This game encourages unique social engagement through interactive prompts and AI-generated challenges tailored to scenario 85.",
    "players": "1-2 players",
    "AI_involvement": "ElinityAI acts as a facilitator, adapting prompts in real-time to suit mood, energy, and connection goals.",
    "average_duration": "15 minutes",
    "modality": "text",
    "ideal_for": "friends"
  },
  {
    "name": "Game 86: Connection Quest 86",
    "description": "A fun and creative challenge where players engage in dynamic interaction 86 to build emotional resonance.",
    "core_aim_and_mechanism": "This game encourages unique social engagement through interactive prompts and AI-generated challenges tailored to scenario 86.",
    "players": "2-3 players",
    "AI_involvement": "ElinityAI acts as a facilitator, adapting prompts in real-time to suit mood, energy, and connection goals.",
    "average_duration": "16 minutes",
    "modality": "voice",
    "ideal_for": "families"
  },
  {
    "name": "Game 87: Connection Quest 87",
    "description": "A fun and creative challenge where players engage in dynamic interaction 87 to build emotional resonance.",
    "core_aim_and_mechanism": "This game encourages unique social engagement through interactive prompts and AI-generated challenges tailored to scenario 87.",
    "players": "solo players",
    "AI_involvement": "ElinityAI acts as a facilitator, adapting prompts in real-time to suit mood, energy, and connection goals.",
    "average_duration": "17 minutes",
    "modality": "text",
    "ideal_for": "self-reflection"
  },
  {
    "name": "Game 88: Connection Quest 88",
    "description": "A fun and creative challenge where players engage in dynamic interaction 88 to build emotional resonance.",
    "core_aim_and_mechanism": "This game encourages unique social engagement through interactive prompts and AI-generated challenges tailored to scenario 88.",
    "players": "4-5 players",
    "AI_involvement": "ElinityAI acts as a facilitator, adapting prompts in real-time to suit mood, energy, and connection goals.",
    "average_duration": "18 minutes",
    "modality": "voice",
    "ideal_for": "group bonding"
  },
  {
    "name": "Game 89: Connection Quest 89",
    "description": "A fun and creative challenge where players engage in dynamic interaction 89 to build emotional resonance.",
    "core_aim_and_mechanism": "This game encourages unique social engagement through interactive prompts and AI-generated challenges tailored to scenario 89.",
    "players": "5-6 players",
    "AI_involvement": "ElinityAI acts as a facilitator, adapting prompts in real-time to suit mood, energy, and connection goals.",
    "average_duration": "19 minutes",
    "modality": "text",
    "ideal_for": "couples"
  },
  {
    "name": "Game 90: Connection Quest 90",
    "description": "A fun and creative challenge where players engage in dynamic interaction 90 to build emotional resonance.",
    "core_aim_and_mechanism": "This game encourages unique social engagement through interactive prompts and AI-generated challenges tailored to scenario 90.",
    "players": "solo players",
    "AI_involvement": "ElinityAI acts as a facilitator, adapting prompts in real-time to suit mood, energy, and connection goals.",
    "average_duration": "5 minutes",
    "modality": "voice",
    "ideal_for": "friends"
  },
  {
    "name": "Game 91: Connection Quest 91",
    "description": "A fun and creative challenge where players engage in dynamic interaction 91 to build emotional resonance.",
    "core_aim_and_mechanism": "This game encourages unique social engagement through interactive prompts and AI-generated challenges tailored to scenario 91.",
    "players": "2-3 players",
    "AI_involvement": "ElinityAI acts as a facilitator, adapting prompts in real-time to suit mood, energy, and connection goals.",
    "average_duration": "6 minutes",
    "modality": "text",
    "ideal_for": "families"
  },
  {
    "name": "Game 92: Connection Quest 92",
    "description": "A fun and creative challenge where players engage in dynamic interaction 92 to build emotional resonance.",
    "core_aim_and_mechanism": "This game encourages unique social engagement through interactive prompts and AI-generated challenges tailored to scenario 92.",
    "players": "3-4 players",
    "AI_involvement": "ElinityAI acts as a facilitator, adapting prompts in real-time to suit mood, energy, and connection goals.",
    "average_duration": "7 minutes",
    "modality": "voice",
    "ideal_for": "self-reflection"
  },
  {
    "name": "Game 93: Connection Quest 93",
    "description": "A fun and creative challenge where players engage in dynamic interaction 93 to build emotional resonance.",
    "core_aim_and_mechanism": "This game encourages unique social engagement through interactive prompts and AI-generated challenges tailored to scenario 93.",
    "players": "solo players",
    "AI_involvement": "ElinityAI acts as a facilitator, adapting prompts in real-time to suit mood, energy, and connection goals.",
    "average_duration": "8 minutes",
    "modality": "text",
    "ideal_for": "group bonding"
  },
  {
    "name": "Game 94: Connection Quest 94",
    "description": "A fun and creative challenge where players engage in dynamic interaction 94 to build emotional resonance.",
    "core_aim_and_mechanism": "This game encourages unique social engagement through interactive prompts and AI-generated challenges tailored to scenario 94.",
    "players": "5-6 players",
    "AI_involvement": "ElinityAI acts as a facilitator, adapting prompts in real-time to suit mood, energy, and connection goals.",
    "average_duration": "9 minutes",
    "modality": "voice",
    "ideal_for": "couples"
  },
  {
    "name": "Game 95: Connection Quest 95",
    "description": "A fun and creative challenge where players engage in dynamic interaction 95 to build emotional resonance.",
    "core_aim_and_mechanism": "This game encourages unique social engagement through interactive prompts and AI-generated challenges tailored to scenario 95.",
    "players": "1-2 players",
    "AI_involvement": "ElinityAI acts as a facilitator, adapting prompts in real-time to suit mood, energy, and connection goals.",
    "average_duration": "10 minutes",
    "modality": "text",
    "ideal_for": "friends"
  },
  {
    "name": "Game 96: Connection Quest 96",
    "description": "A fun and creative challenge where players engage in dynamic interaction 96 to build emotional resonance.",
    "core_aim_and_mechanism": "This game encourages unique social engagement through interactive prompts and AI-generated challenges tailored to scenario 96.",
    "players": "solo players",
    "AI_involvement": "ElinityAI acts as a facilitator, adapting prompts in real-time to suit mood, energy, and connection goals.",
    "average_duration": "11 minutes",
    "modality": "voice",
    "ideal_for": "families"
  },
  {
    "name": "Game 97: Connection Quest 97",
    "description": "A fun and creative challenge where players engage in dynamic interaction 97 to build emotional resonance.",
    "core_aim_and_mechanism": "This game encourages unique social engagement through interactive prompts and AI-generated challenges tailored to scenario 97.",
    "players": "3-4 players",
    "AI_involvement": "ElinityAI acts as a facilitator, adapting prompts in real-time to suit mood, energy, and connection goals.",
    "average_duration": "12 minutes",
    "modality": "text",
    "ideal_for": "self-reflection"
  },
  {
    "name": "Game 98: Connection Quest 98",
    "description": "A fun and creative challenge where players engage in dynamic interaction 98 to build emotional resonance.",
    "core_aim_and_mechanism": "This game encourages unique social engagement through interactive prompts and AI-generated challenges tailored to scenario 98.",
    "players": "4-5 players",
    "AI_involvement": "ElinityAI acts as a facilitator, adapting prompts in real-time to suit mood, energy, and connection goals.",
    "average_duration": "13 minutes",
    "modality": "voice",
    "ideal_for": "group bonding"
  },
  {
    "name": "Game 99: Connection Quest 99",
    "description": "A fun and creative challenge where players engage in dynamic interaction 99 to build emotional resonance.",
    "core_aim_and_mechanism": "This game encourages unique social engagement through interactive prompts and AI-generated challenges tailored to scenario 99.",
    "players": "solo players",
    "AI_involvement": "ElinityAI acts as a facilitator, adapting prompts in real-time to suit mood, energy, and connection goals.",
    "average_duration": "14 minutes",
    "modality": "text",
    "ideal_for": "couples"
  },
  {
    "name": "Game 100: Connection Quest 100",
    "description": "A fun and creative challenge where players engage in dynamic interaction 100 to build emotional resonance.",
    "core_aim_and_mechanism": "This game encourages unique social engagement through interactive prompts and AI-generated challenges tailored to scenario 100.",
    "players": "1-2 players",
    "AI_involvement": "ElinityAI acts as a facilitator, adapting prompts in real-time to suit mood, energy, and connection goals.",
    "average_duration": "15 minutes",
    "modality": "voice",
    "ideal_for": "friends"
  }
]